NO.,CODE,PART NUMBER,PALLET NO.,PACK SIZE,NO. OF BOX,TOTAL,LOCATOR,,
113,,15612-16-16N,2,100,3,300,GC11,,
289,,22611D-06-06N,2,500,3,"1,500",GC11,,
306,,22612D-16-16N,2,85,11,935,GC11,,
323,,22642-12-12N,2,100,1,100,GC11,,
338,,22692-12-12N,2,100,1,100,GC11,,
344,,24211T-06-06N,2,350,1,350,GC11,,
381,,26711-06-06N,2,700,1,700,GC11,,
414,,26741-04-04N,2,500,1,500,GC11,,
416,,26741-08-08N,2,200,2,400,GC11,,
564,,87312-12-12N,2,120,3,360,GC11,,
178,,1JN-16-16N,6,130,6,780,HA3,,
303,,22612D-12-12N,6,150,3,450,HA3,,
318,,22641-08-08N,6,150,1,150,HA3,,
406,,26712D-10-10N,6,200,2,400,HA3,,
409,,26712D-12-12N,6,150,3,450,HA3,,
410,,26712D-16-16N,6,75,6,450,HA3,,
434,,26792-16-16N,6,50,1,50,HA3,,
63,,00400-24T,7,50,4,200,GB7,,
116,,15612-20-20N,7,50,1,50,GB7,,
188,,1JN-24-24N,7,50,1,50,GB7,,
287,,22611D-04-04N,7,700,1,700,GB7,,
298,,22612-16-16N,7,100,4,400,GB7,,
325,,22642-16-16N,7,50,2,100,GB7,,
348,,24211T-10-10N,7,170,4,680,GB7,,
369,,24291T-10-10N,7,100,1,100,GB7,,
372,,24292T-16-16N,7,50,2,100,GB7,,
53,,00400-12T,10,200,26,"5,200",GA13,,
56,ZHTM,00400-16T,240709-P1,100,12,"1,200",CB9,,
156,NXHE,1J-16-16N,240709-P3,125,1,125,GC13,,
205,NXHE,1JN9-24-24N,240709-P3,30,6,180,GC13,,
353,NXHE,24212T-16-16N,240709-P3,85,5,425,GC13,,
467,ZHTM,28612D-30-12N,240709-P3,125,4,500,GC13,,
554,NXHE,700M-20N,240709-P3,300,1,300,GC13,,
555,NXHE,700M-22N,240709-P3,150,2,300,GC13,,
556,ZHTM,700M-26N,240709-P3,150,2,300,GC13,,
60,ZHTM,00400-20T,240709-P4,75,11,825,GB2,,
64,ZHTM,00400-24T,240709-P4,50,1,50,GB2,,
73,ZHTM,00400-32T,240709-P4,40,1,40,GB2,,
203,NXHE,1JN9-20-20N,240709-P4,50,6,300,GB2,,
268,NXHE,20591T-16-04N,240709-P4,100,1,100,GB2,,
457,NXHE,28611D-18-06N,240709-P4,350,2,700,GB2,,
218,NXHE,1N-16-16N,240709-P5,125,1,125,HA2,,
242,NXHE,20511C-24-10N,240709-P5,100,1,100,HA2,,
330,NXHE,22691-08-08N,240709-P5,200,1,200,HA2,,
351,NXHE,24212T-12-12N,240709-P5,125,10,"1,250",HA2,,
453,NXHE,28611D-12-04N,240709-P5,500,1,500,HA2,,
460,NXHE,28611D-22-08N,240709-P5,225,2,450,HA2,,
461,NXHE,28612-24-10N,240709-P5,250,1,250,HA2,,
622,ZHTM,90012-16-16N,240709-P5,65,1,65,HA2,,
189,,1JN-24-24N,240709-P6,50,2,100,GC9,,
313,ZHTM,22612D-24-24N,240709-P6,35,1,35,GC9,,
314,ZHTM,22612D-24-24N,240709-P6,30,1,30,GC9,,
375,ZHTM,24292T-20-20N,240709-P6,25,6,150,GC9,,
431,,26792-12-12N,240709-P6,100,1,100,GC9,,
464,,28612-33-16N,240709-P6,100,3,300,GC9,,
601,NXHE,87912-16-16N,240709-P6,65,1,65,GC9,,
158,NXHE,1J-20-20N,240709-P7,75,3,225,HA1,,
179,NXHE,1JN-16-16N,240709-P7,100,1,100,HA1,,
355,NXHE,24212T-20-20N,240709-P7,50,4,200,HA1,,
358,ZHTM,24212T-24-24N,240709-P7,30,7,210,HA1,,
559,ZHTM,700M-30N,240709-P7,100,3,300,HA1,,
105,NXHE,15611-04-04N,241025-P1,500,1,500,CB6,,
118,NXHE,15612-24-24N,241025-P1,40,3,120,CB6,,
121,NXHE,15612-32-32N,241025-P1,20,5,100,CB6,,
134,NXHE,16712-16-16N,241025-P1,100,3,300,CB6,,
137,NXHE,16712-32-32N,241025-P1,25,1,25,CB6,,
145,ZHTM,1J-08-06N,241025-P1,700,1,700,CB6,,
146,ZHTM,1J-08-06N,241025-P1,650,1,650,CB6,,
152,NXHE,1J-10-10N,241025-P1,400,4,"1,600",CB6,,
421,NXHE,26791-04-04N,241025-P1,500,4,"2,000",CB6,,
454,NXHE,28611D-14-04N,241025-P1,500,1,500,CB6,,
569,NXHE,87342-12-12N,241025-P1,100,2,200,CB6,,
574,NXHE,87342-24-24N,241025-P1,20,4,80,CB6,,
609,NXHE,87942-20-20N,241025-P1,35,2,70,CB6,,
613,NXHE,87992-16-16N,241025-P1,50,4,200,CB6,,
8,ZHTM,00110-08T,241025-P10,500,4,"2,000",CB5,,
36,ZHTM,00210-16T,241025-P10,200,1,200,CB5,,
129,NXHE,16711-16-16N,241025-P10,125,4,500,CB5,,
150,ZHTM,1J-10-08N,241025-P10,400,3,"1,200",CB5,,
153,NXHE,1J-10-10N,241025-P10,400,1,400,CB5,,
155,NXHE,1J-12-12N,241025-P10,200,6,"1,200",CB5,,
160,NXHE,1J-24-24N,241025-P10,50,2,100,CB5,,
185,NXHE,1JN-20-20N,241025-P10,80,5,400,CB5,,
190,NXHE,1JN-24-24N,241025-P10,60,1,60,CB5,,
253,ZHTM,20512T-36-16N,241025-P10,100,2,200,CB5,,
345,NXHE,24211T-06-06N,241025-P10,500,4,"2,000",CB5,,
45,ZHTM,00400-06T,241025-P11,360,1,360,GB6,,
50,ZHTM,00400-10T,241025-P11,250,9,"2,250",GB6,,
65,ZHTM,00400-24T,241025-P11,50,6,300,GB6,,
147,ZHTM,1J-08-08N,241025-P11,500,3,"1,500",GB6,,
266,NXHE,20542T-36-16N,241025-P11,50,2,100,GB6,,
273,NXHE,20591T-24-08,241025-P11,100,1,100,GB6,,
384,NXHE,26711-06-08N,241025-P11,450,1,450,GB6,,
385,NXHE,26711-06-08N,241025-P11,350,1,350,GB6,,
426,NXHE,26791-10-10N,241025-P11,125,6,750,GB6,,
566,NXHE,87312-32-32N,241025-P11,20,3,60,GB6,,
57,ZHTM,00400-16T,241025-P12,100,35,"3,500",CB8,,
29,ZHTM,00210-10T,241025-P13,300,6,"1,800",GB12,,
34,ZHTM,00210-12T,241025-P13,350,8,"2,800",GB12,,
39,ZHTM,00210-20T,241025-P14,100,29,"2,900",GB5,,
40,ZHTM,00210-24T,241025-P15,90,36,"3,240",CB4,,
1,ZHTM,00110-04T,241025-P16,1000,3,"3,000",GC10,,
66,ZHTM,00400-24T,241025-P16,50,20,"1,000",GC10,,
20,ZHTM,00110-24T,241025-P17,100,10,"1,000",GB8,,
61,ZHTM,00400-20T,241025-P17,75,26,"1,950",GB8,,
74,ZHTM,00400-32T,241025-P18,40,20,800,GB14,,
149,,1J-08-10N,241025-P19,300,1,300,GC12,,
295,,22612-12-12N,241025-P19,170,2,340,GC12,,
301,,22612-24-24N,241025-P19,50,1,50,GC12,,
324,,22642-12-12N,241025-P19,75,2,150,GC12,,
379,,26711-04-04N,241025-P19,1000,2,"2,000",GC12,,
390,,26711-08-10N,241025-P19,250,2,500,GC12,,
432,,26792-12-12N,241025-P19,100,6,600,GC12,,
486,,29612-16-16N,241025-P19,100,2,200,GC12,,
498,,29691-16-16N,241025-P19,50,2,100,GC12,,
611,,87992-12-12N,241025-P19,50,1,50,GC12,,
114,NXHE,15612-16-16N,241025-P2,100,4,400,GA12,,
275,NXHE,20592T-36-16N,241025-P2,50,6,300,GA12,,
391,NXHE,26711-10-10N,241025-P2,250,6,"1,500",GA12,,
417,NXHE,26742-12-12N,241025-P2,100,13,"1,300",GA12,,
424,NXHE,26791-08-08N,241025-P2,200,2,400,GA12,,
562,ZHTM,7N9-08-08N,241025-P2,50,1,50,GA12,,
571,NXHE,87342-16-16N,241025-P2,50,1,50,GA12,,
132,NXHE,16712-12-12N,241025-P3,200,2,400,GC8,,
319,NXHE,22641-08-08N,241025-P3,150,1,150,GC8,,
329,NXHE,22691-06-06N,241025-P3,350,1,350,GC8,,
361,NXHE,24242T-16-16N,241025-P3,50,3,150,GC8,,
397,NXHE,26712-12-12N,241025-P3,170,2,340,GC8,,
448,NXHE,28611-20-08N,241025-P3,350,2,700,GC8,,
451,NXHE,28611-22-08N,241025-P3,250,4,"1,000",GC8,,
471,NXHE,28641-12-04N,241025-P3,352,1,352,GC8,,
475,NXHE,28691-30-12N,241025-P3,50,1,50,GC8,,
539,NXHE,40011-10T,241025-P3,350,2,700,GC8,,
563,NXHE,87312-10-10N,241025-P3,125,1,125,GC8,,
108,NXHE,15611-06-06N,241025-P4,400,1,400,HA4,,
143,NXHE,1J-06-06N,241025-P4,1100,1,"1,100",HA4,,
162,NXHE,1JG-16-16N,241025-P4,100,1,100,HA4,,
282,NXHE,22611-06-06N,241025-P4,500,1,500,HA4,,
283,NXHE,22611-06-06N,241025-P4,600,2,"1,200",HA4,,
326,NXHE,22642-16-16N,241025-P4,50,2,100,HA4,,
400,NXHE,26712-20-20N,241025-P4,50,7,350,HA4,,
477,NXHE,28691-33-16N,241025-P4,50,2,100,HA4,,
495,NXHE,29691-08-08N,241025-P4,100,1,100,HA4,,
565,NXHE,87312-24-24N,241025-P4,40,3,120,HA4,,
570,NXHE,87342-16-12N,241025-P4,50,1,50,HA4,,
581,NXHE,87392-20-20N,241025-P4,30,4,120,HA4,,
590,NXHE,87642-12-12N,241025-P4,100,1,100,HA4,,
614,NXHE,87992-20-20N,241025-P4,25,1,25,HA4,,
616,NXHE,87992-24-24N,241025-P4,15,1,15,HA4,,
226,NXHE,1SN-20-20N,241025-P5,50,1,50,HA6,,
229,NXHE,20211T-20-04N,241025-P5,300,1,300,HA6,,
346,NXHE,24211T-08-08N,241025-P5,300,2,600,HA6,,
352,NXHE,24212T-12-12N,241025-P5,125,7,875,HA6,,
359,ZHTM,24241T-08-08N,241025-P5,150,2,300,HA6,,
360,ZHTM,24241T-10-10N,241025-P5,100,1,100,HA6,,
373,NXHE,24292T-16-16N,241025-P5,50,2,100,HA6,,
387,NXHE,26711-08-08N,241025-P5,350,1,350,HA6,,
447,NXHE,28611-20-06N,241025-P5,207,1,207,HA6,,
466,NXHE,28612D-24-10N,241025-P5,150,6,900,HA6,,
579,NXHE,87392-16-12N,241025-P5,75,1,75,HA6,,
580,NXHE,87392-16-16N,241025-P5,50,8,400,HA6,,
23,ZHTM,00210-06T,241025-P6,700,6,"4,200",GB11,,
24,ZHTM,00210-06T,241025-P6,400,1,400,GB11,,
25,ZHTM,00210-06T,241025-P6,300,1,300,GB11,,
159,NXHE,1J-20-20N,241025-P6,75,2,150,GB11,,
492,NXHE,29641-08-08N,241025-P6,100,1,100,GB11,,
593,NXHE,87691-12-12N,241025-P6,30,1,30,GB11,,
104,NXHE,14212-24-24N,241025-P7,42,1,42,CB10,,
112,NXHE,15612-12-12N,241025-P7,200,10,"2,000",CB10,,
157,NXHE,1J-16-16N,241025-P7,125,5,625,CB10,,
236,ZHTM,20492T-26-10N,241025-P7,100,1,100,CB10,,
247,NXHE,20511T-22-08N,241025-P7,250,2,500,CB10,,
248,NXHE,20511T-24-08 (16.5T),241025-P7,130,1,130,CB10,,
256,NXHE,20541T-16-06N,241025-P7,300,1,300,CB10,,
317,NXHE,22641-06-06N,241025-P7,250,1,250,CB10,,
399,NXHE,26712-16-16N,241025-P7,85,11,935,CB10,,
403,NXHE,26712-32-32N,241025-P7,20,3,60,CB10,,
543,NXHE,40012-32T,241025-P7,35,1,35,CB10,,
544,NXHE,40012-32T,241025-P7,25,1,25,CB10,,
54,ZHTM,00400-12T,241025-P8,200,30,"6,000",HA5,,
5,ZHTM,00110-06T,241025-P9,800,6,"4,800",CB7,,
67,ZHTM,00400-24T,241025-P9,50,5,250,CB7,,
103,NXHE,14212-20-20N,241025-P9,30,1,30,CB7,,
127,NXHE,16711-10-10N,241025-P9,200,2,400,CB7,,
161,NXHE,1J-24-24N,241025-P9,50,5,250,CB7,,
195,NXHE,1JN4-12-12N,241025-P9,150,1,150,CB7,,
257,NXHE,20541T-18-06N,241025-P9,400,4,"1,600",CB7,,
271,NXHE,20591T-22-08N,241025-P9,150,1,150,CB7,,
342,NXHE,24211T-04-04N,241025-P9,700,4,"2,800",CB7,,
402,NXHE,26712-24-24N,241025-P9,40,2,80,CB7,,
404,NXHE,26712D-08-08N,241025-P9,300,1,300,CB7,,
463,NXHE,28612-30-12N,241025-P9,125,8,"1,000",CB7,,
4,ZHTM,00110-04T (L24.2),250502-P1,1600,25,"40,000",,,
35,ZHTM,00210-12T,250502-P1,350,5,"1,750",,,
37,ZHTM,00210-16T,250502-P1,200,11,"2,200",,,
47,ZHTM,00400-08T,250502-P1,300,2,600,,,
252,ZHTM,20512T-36-12N,250502-P1,60,1,60,,,
6,ZHTM,00110-06T,250502-P2,800,9,"7,200",,,
27,ZHTM,00210-08T,250502-P2,500,24,"12,000",,,
274,NXHE,20592T-30-12N,250502-P2,100,1,100,,,
281,NXHE,22611-04-04N,250502-P2,1000,3,"3,000",,,
286,NXHE,22611-10-10N,250502-P2,200,1,200,,,
299,NXHE,22612-16-16N,250502-P2,100,3,300,,,
341,NXHE,22692-16-16N,250502-P2,50,4,200,,,
2,ZHTM,00110-04T,250502-P3,1000,6,"6,000",,,
46,ZHTM,00400-06T,250502-P3,300,2,600,,,
87,NXHE,10811L-12-04N,250502-P3,300,1,300,,,
88,NXHE,10811L-14-04N,250502-P3,300,1,300,,,
90,NXHE,10811L-16-04N,250502-P3,200,1,200,,,
107,NXHE,15611-04-06N,250502-P3,150,1,150,,,
122,NXHE,16711-04-04N,250502-P3,400,1,400,,,
198,NXHE,1JN9-08-08N,250502-P3,200,1,200,,,
214,NXHE,1N-04-04N,250502-P3,200,1,200,,,
215,NXHE,1N-06-06N,250502-P3,200,1,200,,,
231,NXHE,20211T-22-04N,250502-P3,150,1,150,,,
239,NXHE,20511C-14-06N,250502-P3,100,1,100,,,
245,NXHE,20511T-18-06N,250502-P3,350,2,700,,,
246,ZHTM,20511T-20-06N,250502-P3,400,1,400,,,
251,ZHTM,20512T-30-12N,250502-P3,50,1,50,,,
260,NXHE,20541T-22-08N,250502-P3,100,1,100,,,
262,ZHTM,20541T-24-08N,250502-P3,50,1,50,,,
265,ZHTM,20542T-36-12N,250502-P3,60,2,120,,,
285,NXHE,22611-08-08N,250502-P3,350,8,"2,800",,,
366,NXHE,24291T-04-04N,250502-P3,450,1,450,,,
370,NXHE,24291T-10-10N,250502-P3,100,1,100,,,
441,NXHE,28611-12-04N,250502-P3,100,1,100,,,
459,ZHTM,28611D-20-08N,250502-P3,200,1,200,,,
478,NXHE,29611-04-04N,250502-P3,500,1,500,,,
479,NXHE,29611-06-06N,250502-P3,300,1,300,,,
480,NXHE,29611-08-08N,250502-P3,300,2,600,,,
482,NXHE,29611D-06-06N,250502-P3,150,1,150,,,
483,NXHE,29611D-08-08N,250502-P3,175,2,350,,,
489,NXHE,29612D-12-12N,250502-P3,150,3,450,,,
496,NXHE,29691-08-08N,250502-P3,200,1,200,,,
586,NXHE,87612-16-16N,250502-P3,75,3,225,,,
596,NXHE,87692-16-16N,250502-P3,50,4,200,,,
602,NXHE,87912-16-16N,250502-P3,50,4,200,,,
117,NXHE,15612-20-20N,250502-P4,50,2,100,,,
164,NXHE,1JN-04-06N,250502-P4,200,1,200,,,
166,NXHE,1JN-06-06N,250502-P4,400,1,400,,,
168,NXHE,1JN-08-06N,250502-P4,100,1,100,,,
169,NXHE,1JN-08-08N,250502-P4,250,2,500,,,
194,NXHE,1JN4-04-04N,250502-P4,200,1,200,,,
213,NXHE,1JO-10-10N,250502-P4,50,1,50,,,
238,NXHE,20511C-14-04N,250502-P4,400,1,400,,,
261,NXHE,20541T-22-08N,250502-P4,80,1,80,,,
277,ZHTM,20711T-27-10N,250502-P4,100,1,100,,,
278,ZHTM,20711T-39-16N,250502-P4,70,2,140,,,
279,ZHTM,20711T-39-16N,250502-P4,60,1,60,,,
296,NXHE,22612-12-12N,250502-P4,170,4,680,,,
316,NXHE,22641-04-04N,250502-P4,150,1,150,,,
328,NXHE,22691-04-04N,250502-P4,400,2,800,,,
331,NXHE,22691-08-08N,250502-P4,200,2,400,,,
332,NXHE,22691-08-08N,250502-P4,100,1,100,,,
347,NXHE,24211T-08-08N,250502-P4,250,4,"1,000",,,
354,NXHE,24212T-16-16N,250502-P4,100,2,200,,,
368,NXHE,24291T-08-08N,250502-P4,150,2,300,,,
382,NXHE,26711-06-06N,250502-P4,700,3,"2,100",,,
388,NXHE,26711-08-08N,250502-P4,350,5,"1,750",,,
389,NXHE,26711-08-08N,250502-P4,250,1,250,,,
396,NXHE,26711D-08-08N,250502-P4,100,1,100,,,
450,NXHE,28611-22-06N,250502-P4,100,1,100,,,
452,NXHE,28611-24-08N,250502-P4,100,1,100,,,
455,ZHTM,28611D-14-06N,250502-P4,300,1,300,,,
456,NXHE,28611D-16-06N,250502-P4,400,1,400,,,
511,NXHE,2NJ-08-08N,250502-P4,50,1,50,,,
514,ZHTM,2NJ9-04-04N,250502-P4,30,1,30,,,
516,NXHE,2NU-06-06N,250502-P4,100,1,100,,,
526,ZHTM,2NU9-24-24N,250502-P4,15,1,15,,,
535,NXHE,40011-04,250502-P4,1300,1,"1,300",,,
536,NXHE,40011-04,250502-P4,1200,1,"1,200",,,
537,NXHE,40011-06,250502-P4,800,1,800,,,
538,NXHE,40011-08,250502-P4,600,1,600,,,
545,NXHE,5N-06-04N,250502-P4,100,1,100,,,
546,NXHE,70011-10-04N,250502-P4,600,1,600,,,
550,NXHE,70011-16-06N,250502-P4,200,1,200,,,
551,NXHE,70011-18-06N,250502-P4,150,1,150,,,
578,NXHE,87392-12-12N,250502-P4,70,3,210,,,
585,NXHE,87612-12-12N,250502-P4,100,1,100,,,
615,NXHE,87992-20-20N,250502-P4,25,4,100,,,
22,ZHTM,00210-04T,250502-P5,1000,12,"12,000",,,
26,ZHTM,00210-06T,250502-P5,500,28,"14,000",,,
28,ZHTM,00210-08T,250502-P5,500,6,"3,000",,,
109,NXHE,15611-06-08N,250502-P5,50,1,50,,,
367,NXHE,24291T-06-06N,250502-P5,200,2,400,,,
501,ZHTM,2J-04-04N,250502-P5,100,1,100,,,
509,ZHTM,2J9-24-24N,250502-P5,20,1,20,,,
517,NXHE,2NU-06-06N,250502-P5,16,1,16,,,
547,NXHE,70011-12-04N,250502-P5,500,1,500,,,
548,NXHE,70011-14-04N,250502-P5,500,1,500,,,
91,NXHE,10811L-16-06LNN,250502-P6,300,1,300,,,
93,ZHTM,10811L-20-04LNN,250502-P6,100,1,100,,,
110,NXHE,15611-08-08N,250502-P6,350,2,700,,,
111,NXHE,15611-08-08N,250502-P6,300,1,300,,,
163,NXHE,1JN-04-04N,250502-P6,700,1,700,,,
165,NXHE,1JN-06-04N,250502-P6,300,1,300,,,
171,NXHE,1JN-08-12N,250502-P6,200,1,200,,,
176,NXHE,1JN-12-12N,250502-P6,200,6,"1,200",,,
221,NXHE,1N9-16-16N,250502-P6,20,1,20,,,
254,NXHE,20512T-52-20N,250502-P6,25,2,50,,,
294,NXHE,22611D-08-08N,250502-P6,250,2,500,,,
371,NXHE,24292T-12-12N,250502-P6,70,9,630,,,
386,NXHE,26711-08-06N,250502-P6,100,1,100,,,
423,NXHE,26791-06-06N,250502-P6,300,4,"1,200",,,
442,NXHE,28611-14-04N,250502-P6,500,1,500,,,
443,NXHE,28611-16-04N,250502-P6,150,1,150,,,
481,NXHE,29611D-04-04N,250502-P6,200,1,200,,,
502,ZHTM,2J-20-20N,250502-P6,20,1,20,,,
503,ZHTM,2J-32-32N,250502-P6,20,1,20,,,
504,NXHE,2J9-06-06N,250502-P6,50,1,50,,,
505,ZHTM,2J9-10-10N,250502-P6,50,1,50,,,
506,NXHE,2J9-12-12N,250502-P6,40,1,40,,,
507,NXHE,2J9-16-16N,250502-P6,30,1,30,,,
508,ZHTM,2J9-20-20N,250502-P6,20,1,20,,,
510,ZHTM,2NJ-04-04N,250502-P6,50,1,50,,,
512,ZHTM,2NJ-16-16N,250502-P6,20,1,20,,,
513,ZHTM,2NJ-24-24N,250502-P6,15,1,15,,,
515,ZHTM,2NJ9-32-32N,250502-P6,13,1,13,,,
518,NXHE,2NU-08-08N,250502-P6,17,1,17,,,
522,ZHTM,2NU9-04-04N,250502-P6,100,1,100,,,
523,ZHTM,2NU9-06-06N,250502-P6,70,1,70,,,
524,ZHTM,2NU9-12-12N,250502-P6,30,1,30,,,
540,NXHE,40012-12,250502-P6,250,2,500,,,
549,NXHE,70011-14-06N,250502-P6,500,1,500,,,
552,ZHTM,70011-20-06N,250502-P6,200,1,200,,,
553,NXHE,700M-10N,250502-P6,300,1,300,,,
587,NXHE,87612-20-20N,250502-P6,50,2,100,,,
591,NXHE,87642-16-16N,250502-P6,50,4,200,,,
597,NXHE,87692-20-20N,250502-P6,25,4,100,,,
600,NXHE,87912-12-12N,250502-P6,75,2,150,,,
604,NXHE,87912-20-20N,250502-P6,50,2,100,,,
607,NXHE,87942-12-12N,250502-P6,75,2,150,,,
608,NXHE,87942-16-16N,250502-P6,50,2,100,,,
610,ZHTM,87942-32-32N,250502-P6,10,1,10,,,
9,,00110-08T,G5,500,2,"1,000",GB1,,
12,,00110-12T,G5,350,1,350,GB1,,
15,,00110-16T,G5,200,1,200,GB1,,
30,,00210-10T,G5,300,1,300,GB1,,
43,,00210-32T,G5,50,3,150,GB1,,
51,,00400-10T,G5,250,5,"1,250",GB1,,
413,,26712D-20-20N,G5,50,6,300,GB1,,
437,,26792-20-20N,G5,25,5,125,GB1,,
10,,00110-08T,G8,500,2,"1,000",GB3,,
13,,00110-12T,G8,350,1,350,GB3,,
16,,00110-16T,G8,200,2,400,GB3,,
17,,00110-16T,G8,200,1,200,GB3,,
31,,00210-10T,G8,300,6,"1,800",GB3,,
48,,00400-08T,G8,300,11,"3,300",GB3,,
230,,20211T-20-06N,R1,400,1,400,GC14,,
237,,20511-42-16N,R1,49,1,49,GC14,,
240,,20511C-18-06N,R1,400,1,400,GC14,,
269,,20591T-18-06N,R1,250,2,500,GC14,,
290,,22611D-06-06N,R1,54,1,54,GC14,,
304,,22612D-12-12N,R1,150,4,600,GC14,,
307,,22612D-16-16N,R1,85,2,170,GC14,,
327,,22642-16-16N,R1,50,4,200,GC14,,
439,,26792-24-24N,R1,20,4,80,GC14,,
470,,28612D-33-16N,R1,85,5,425,GC14,,
499,,29691-16-16N,R1,36,1,36,GC14,,
557,,700M-26N,R1,100,1,100,GC14,,
577,,87392-08-08N,R1,169,1,169,GC14,,
7,,00110-08N,R4,300,3,900,GB4,,
19,,00110-24N,R4,30,3,90,GB4,,
38,,00210-20N,R4,54,9,486,GB4,,
70,,00400-32N,R4,16,3,48,GB4,,
76,,10311-32-12N,R4,85,1,85,GB4,,
77,,10311-40-16N,R4,80,1,80,GB4,,
81,,10511-22-08N,R4,300,1,300,GB4,,
85,,10512T-30-12N,R4,96,1,96,GB4,,
94,,10811L-20-08N,R4,200,3,600,GB4,,
119,,15612-24-24N,R4,50,1,50,GB4,,
120,,15612-24-24N,R4,50,2,100,GB4,,
128,,16711-10-10N,R4,200,1,200,GB4,,
139,,1BJ-20-20N,R4,27,1,27,GB4,,
181,,1JN-20-16N,R4,50,1,50,GB4,,
191,,1JN-24-24N,R4,50,1,50,GB4,,
216,,1N-08-08N,R4,350,1,350,GB4,,
219,,1N4-16-16N,R4,65,1,65,GB4,,
222,,1N9-20-20N,R4,40,1,40,GB4,,
225,,1SG9-20-16N,R4,25,1,25,GB4,,
407,,26712D-10-10N,R4,180,1,180,GB4,,
446,,28611-18-08N,R4,250,1,250,GB4,,
484,,29611D-10-10N,R4,170,2,340,GB4,,
488,,29612D-10-10N,R4,50,1,50,GB4,,
625,,FL-32N,R4,63,4,252,GB4,,
629,,FL-48N,R4,20,3,60,GB4,,
308,,22612D-16-16N,R5,85,7,595,GA11,,
362,,24242T-16-16N,R5,50,9,450,GA11,,
411,,26712D-16-16N,R5,85,7,595,GA11,,
418,,26742-16-16N,R5,50,7,350,GA11,,
490,,29612D-16-16N,R5,85,2,170,GA11,,
71,,00400-32N,R7,40,1,40,GB13,,
220,,1N9-08-08N,R7,150,1,150,GB13,,
309,,22612D-16-16N,R7,85,18,"1,530",GB13,,
595,,87692-12-12N,R7,100,1,100,GB13,,
630,,FL-48N,R7,20,2,40,GB13,,
363,,24242T-16-16N,R8,60,1,60,GD14,,
374,,24292T-16-16N,R8,50,1,50,GD14,,
419,,26742-20-20N,R8,30,5,150,GD14,,
420,,26742-24-24N,R8,25,8,200,GD14,,
438,,26792-20-20N,R8,25,1,25,GD14,,
458,,28611D-20-06N,R8,250,1,250,GD14,,
199,,1JN9-12-08N,RA,104,1,104,GC15,,
201,,1JN9-12-20N,RA,44,7,308,GC15,,
202,,1JN9-12-20N,RA,22,1,22,GC15,,
211,,1JN9-32-32N,RA,12,9,108,GC15,,
212,,1JN9-32-32N,RA,5,1,5,GC15,,
224,,1N9-32-32N,RA,12,7,84,GC15,,
41,,00210-32N,RB,10,1,10,GA14,,
42,,00210-32N,RB,16,30,480,GA14,,
223,,1N9-24-24N,SM2,20,3,60,GD13,,
321,,22641-16-16N,SM2,35,1,35,GD13,,
322,,22641-24-24N,SM2,10,1,10,GD13,,
336,,22691-24-24N,SM2,12,2,24,GD13,,
422,,26791-05-04N,SM2,140,1,140,GD13,,
428,,26791-12-08N,SM2,110,1,110,GD13,,
429,,26791-32-32N,SM2,5,9,45,GD13,,
465,,28612-42-24N,SM2,25,1,25,GD13,,
493,,29641-12-12N,SM2,73,1,73,GD13,,
519,,2NU-32-32N,SM2,12,3,36,GD13,,
334,,22691-20-20N,SM3,18,1,18,GD12,,
430,,26791-32-32N,SM3,5,4,20,GD12,,
568,,87341-16-12N,SM3,70,1,70,GD12,,
573,,87342-24-20N,SM3,22,1,22,GD12,,
584,,87392-32-32N,SM3,6,12,72,GD12,, 
79,,10511-22-06N,SM4,229,1,229,GD11,,
82,,10511-30-12N,SM4,100,2,200,GD11,,
83,,10511-36-12N,SM4,100,1,100,GD11,,
84,,10511-36-12N,SM4,140,1,140,GD11,,
98,,10911L-14-06N,SM4,258,1,258,GD11,,
99,,10911L-18-08LNN,SM4,200,1,200,GD11,,
130,,16711-20-20N,SM4,50,1,50,GD11,,
131,,16711-20-20N,SM4,40,1,40,GD11,,
140,,1BJ-24-24N,SM4,51,1,51,GD11,,
186,,1JN-20-24N,SM4,75,1,75,GD11,,
500,,2B9-16N,SM4,52,1,52,GD11,,
525,,2NU9-16-16N,SM4,60,1,60,GD11,,
542,,40012-32N,SM4,25,1,25,GD11,,
576,,87342-32-24N,SM4,20,1,20,GD11,,
582,,87392-32-24N,SM4,8,1,8,GD11,,
583,,87392-32-24N,SM4,14,1,14,GD11,,
592,,87642-20-20N,SM4,20,4,80,GD11,,
594,,87691-12-12N,SM4,60,1,60,GD11,,
605,,87912-24-24N,SM4,18,4,72,GD11,,
606,,87912-32-32N,SM4,10,2,20,GD11,,
618,,87992-32-32N,SM4,5,3,15,GD11,,
627,,FL-40N,SM4,30,4,120,GD11,,
172,,1JN-08-16N,SM5,75,1,75,GD15,,
180,,1JN-20-12N,SM5,70,2,140,GD15,,
182,,1JN-20-16N,SM5,50,1,50,GD15,,
183,,1JN-20-16N,SM5,60,1,60,GD15,,
184,,1JN-20-16N,SM5,70,1,70,GD15,,
187,,1JN-24-20N,SM5,40,1,40,GD15,,
192,,1JN-24-24N,SM5,48,2,96,GD15,,
206,,1JN9-24-24N,SM5,20,16,320,GD15,,
207,,1JN9-24-24N,SM5,22,10,220,GD15,,
208,,1JN9-24-24N,SM5,16,1,16,GD15,,
241,,20511C-22-06N,SM6,180,1,180,GD9,,
267,,20591C-24-10N,SM6,80,1,80,GD9,,
365,,24291-20-20N,SM6,20,8,160,GD9,,
393,,26711-32-32N,SM6,12,5,60,GD9,,
527,,30211-24-08N,SM6,152,1,152,GD9,,
528,,30441-18-08N,SM6,180,1,180,GD9,,
529,,30591-30-10N,SM6,80,1,80,GD9,,
530,,34211-24-24N,SM6,24,1,24,GD9,,
531,,34241-16-16N,SM6,45,3,135,GD9,,
532,,34241-20-20N,SM6,24,3,72,GD9,,
533,,34241-24-24N,SM6,16,4,64,GD9,,
394,,26711-32-32N,SM8,14,24,336,GD10,,
3,,00110-04T,,600,1,600,GB9,,
11,,00110-10T,,230,1,230,GB9,,
14,,00110-12T,,150,1,150,GB9,,
18,,00110-16T,,50,1,50,GB9,,
21,,00110-24T,,20,1,20,GB9,,
32,,00210-10T,,180,1,180,GB9,,
33,,00210-10T,,200,1,200,GB9,,
44,,00210-32T,,20,1,20,GB9,,
49,,00400-08T,,180,1,180,GB9,,
52,,00400-10T,,80,1,80,GB9,,
55,,00400-12T,,70,1,70,GB9,,
58,,00400-16T,,1,1,1,AR1L1 - RUSTY,,
59,ZHTM,00400-16T,,80,1,80,CB9,,
62,,00400-20T,,25,1,25,GB9,,
68,,00400-24T,,30,1,30,GB9,,
69,,00400-24T,,45,1,45,GB9,,
72,,00400-32N,,14,1,14,GB9,,
75,,10211-36-12N,,70,1,70,GA9,,
78,,10412-26-10N,,150,1,150,AR1L3,,
80,,10511-22-06N,,260,1,260,GA9,,
86,,10512T-30-12N,,80,1,80,AR1L3,,
89,,10811L-14-06N,,256,1,256,GA9,,
92,,10811L-16-06LNN,,170,1,170,GA9,,
95,,10811L-20-08N,,3,1,3,AR1L2,,
96,,10811L-20-08N,,170,1,170,GA9,,
97,,10811L-22-08LNN,,80,1,80,GA9,,
100,,14211-16-16N,,60,1,60,GA9,,
101,,14212-08-08N,,198,1,198,GA9,,
102,,14212-16-16N,,67,1,67,GA9,,
106,,15611-04-04N,,900,1,900,GA9,,
115,,15612-16-16N,,80,1,80,GA9,,
123,,16711-06-06N,,400,1,400,GA9,,
124,,16711-06-06N,,610,1,610,GA9,,
125,NXHE,16711-08-08N,,200,1,200,GA9,,
126,,16711-10-08N,,300,1,300,GA9,,
133,,16712-12-12N,,140,1,140,GA9,,
135,NXHE,16712-16-16N,,50,1,50,GA9,,
136,,16712-24-24N,,20,1,20,GA9,,
138,,1BG-06-06N,,50,1,50,AR1L2,,
141,,1CN-26-16,,80,1,80,AR1L3,,
142,,1J-04-04N,,1200,1,"1,200",GA9,,
144,NXHE,1J-06-06N,,780,1,780,GA9,,
148,,1J-08-08N,,400,1,400,GA9,,
151,,1J-10-08N,,115,1,115,AR1L4,,
154,,1J-10-10N,,250,1,250,GA9,,
167,,1JN-06-08N,,350,1,350,GA9,,
170,NXHE,1JN-08-08N,,350,1,350,GA9,,
173,,1JN-08-16N,,60,1,60,GA9,,
174,,1JN-10-08N,,100,1,100,GA9,,
175,,1JN-12-08N,,175,1,175,GA9,,
177,,1JN-16-12N,,80,1,80,GA9,,
193,,1JN-32-32N,,15,1,15,GA9,,
196,,1JN4-20-20N,,30,1,30,GA9,,
197,NXHE,1JN9-06-06N,,100,1,100,GA9,,
200,,1JN9-12-08N,,75,1,75,GA9,,
204,,1JN9-20-20N,,22,1,22,GA9,,
209,,1JN9-24-24N,,30,1,30,GA9,,
210,,1JN9-24-24N,,20,1,20,GA9,,
217,,1N-16-12N,,80,1,80,GA9,,
227,,1SN4-06-06N,,50,1,50,AR1L2,,
228,,20211-22-06N,,1,1,1,AR1L2,,
232,,20211T-22-08N,,150,1,150,GA10,,
233,,20411T-12-04 (6T),,500,1,500,GA10,,
234,,20411T-26-10N,,96,1,96,GA10,,
235,,20442T-26-10N,,100,1,100,AR1L3,,
243,,20511C-30-12N,,80,1,80,GA10,,
244,,20511T-14-04N,,600,1,600,GA10,,
249,,20511T-24-10N,,100,1,100,GA10,,
250,,20511T-30-12N,,14,1,14,AR1L2,,
255,,20541T-14-04N,,6,1,6,AR1L2,,
258,,20541T-18-06N,,396,1,396,AR1L1   ,,
259,ZHTM,20541T-20-08N,,46,1,46,AR1L4,,
263,,20542T-22-08N,,200,1,200,AR1L3,,
264,,20542T-24-08N,,96,1,96,AR1L4,,
270,,20591T-20-08N,,86,1,86,AR1L4,,
272,,20591T-22-08N,,150,1,150,GA10,,
276,,20592T-36-16N,,46,1,46,GA10,,
280,,20792-39-16N,,14,1,14,AR1L2,,
284,NXHE,22611-06-06N,,300,1,300,GA10,,
288,,22611D-04-04N,,650,1,650,GA10,,
291,,22611D-06-06N,,500,1,500,GA10,,
292,,22611D-06-06N,,200,1,200,GA10,,
293,,22611D-06-06N,,162,1,162,GA10,,
297,,22612-12-12N,,30,1,30,GB10,,
300,,22612-20-20N,,35,1,35,GA10,,
302,,22612-24-24N,,19,1,19,GA10,,
305,,22612D-12-12N,,120,1,120,GA10,,
310,,22612D-16-16N,,35,1,35,GA10,,
311,,22612D-16-16N,,35,1,35,GA10,,
312,,22612D-20-20N,,16,1,16,AR1L3,,
315,,22612D-24-24N,,15,1,15,AR1L4,,
320,,22641-10-10N,,84,1,84,GA10,,
333,,22691-08-08N,,120,1,120,GB10,,
335,,22691-20-20N,,6,1,6,GA10,,
337,,22691-24-24N,,4,1,4,GA10,,
339,,22692-12-12N,,56,1,56,GA10,,
340,,22692-12-12N,,60,1,60,GB10,,
343,NXHE,24211T-04-04N,,650,1,650,GA10,,
349,,24211T-10-10N,,140,1,140,AR1L4,,
350,,24212T-08-08N,,100,1,100,GA10,,
356,,24212T-20-20N,,15,1,15,GB10,,
357,,24212T-20-20N,,30,1,30,GB10,,
364,,24242T-16-16N,,40,1,40,GA10,,
376,,24292T-20-20N,,24,1,24,AR1L4,,
377,,24292T-20-20N,,5,1,5,GA10,,
378,,24292T-20-20N,,19,1,19,GB10,,
380,,26711-04-04N,,600,1,600,GA10,,
383,,26711-06-06N,,500,1,500,GA10,,
392,,26711-10-10N,,210,1,210,GA10,,
395,,26711-32-32N,,8,1,8,GA10,,
398,,26712-12-12N,,160,1,160,GA10,,
401,,26712-20-20N,,30,1,30,GA10,,
405,,26712D-08-08N,,150,1,150,AR1L4,,
408,,26712D-10-10N,,120,1,120,GA10,,
412,,26712D-16-16N,,85,1,85,GA10,,
415,,26741-06-06N,,200,1,200,GA10,,
425,NXHE,26791-08-08N,,180,1,180,GA10,,
427,,26791-10-10N,,90,1,90,GA10,,
433,,26792-12-12N,,47,1,47,GB10,,
435,,26792-16-16N,,30,1,30,GA10,,
436,,26792-16-16N,,20,1,20,GB10,,
440,,26792-24-24N,,2,1,2,AR1L3,,
444,,28611-16-06N,,320,1,320,GA10,,
445,NXHE,28611-18-06N,,400,1,400,GA10,,
449,,28611-20-08N,,100,1,100,GA10,,
462,,28612-24-10N,,130,1,130,GA10,,
468,,28612D-30-12N,,40,1,40,A1RL2,,
469,,28612D-30-12N,,35,1,35,GA10,,
472,NXHE,28641-14-04N,,396,1,396,AR1L4,,
473,,28641-33-16N,,38,1,38,AR1L3,,
474,NXHE,28691-14-04N,,150,1,150,AR1L4,,
476,NXHE,28691-30-12N,,30,1,30,GA10,,
485,,29611D-10-10N,,170,1,170,GA10,,
487,,29612-16-16N,,30,1,30,GA10,,
491,,29612D-16-16N,,50,1,50,GA10,,
494,NXHE,29691-06-06N,,385,1,385,GA10,,
497,,29691-08-08N,,84,1,84,GB10,,
520,,2NU-32-32N,,12,1,12,AR1L3,,
521,,2NU-32-32N,,14,1,14,AR1L3,,
534,,34291-24-24N,,4,1,4,GB10,,
541,,40012-16,,114,1,114,GB10,,
558,,700M-26N,,50,1,50,AR1L4,,
560,,700M-30N,,45,1,45,GB10,,
561,,7N-06-06N,,168,1,168,AR1L2,,
567,,87312-32-32N,,5,1,5,GB10,,
572,,87342-16-16N,,30,1,30,GB10,,
575,,87342-24-24N,,15,1,15,GB10,,
588,,87613-16-20N,,3,1,3,AR1L2,,
589,,87613-20-24N,,2,1,2,AR1L2,,
598,,87693-16-20N,,2,1,2,AR1L2,,
599,,87693-20-24N,,2,1,2,AR1L2,,
603,,87912-16-16N,,53,1,53,GB10,,
612,,87992-12-12N,,30,1,30,GB10,,
617,NXHE,87992-24-24N,,12,1,12,GB10,,
619,,90011-08-08N,,3,1,3,AR1L3,,
620,,90011-10-10N,,74,1,74,AR1L3,,
621,,90012-12-12N,,90,1,90,AR1L3,,
623,,90012-16-16N,,55,1,55,AR1L4,,
624,,FL-24N,,30,1,30,GB10,,
626,,FL-32N,,43,1,43,GB10,,
628,,FL-40N,,29,1,29,AR1L3,,
